Region,total_profit,total_units_sold
South,5815.192224448743,920
North,3336.4345211409955,771
East,1771.0363729735623,196
